Date,Artist,Venue,Note,Setlist,Festival,Week Number,Day Number,Photo URL,Type
9/30/2026,Weezer,Madison Square Garden,,,,40,30,,Concert
9/30/2026,The Shins,Madison Square Garden,,,,40,30,,Concert
4/13/2026,aron!,Mercury Lounge,,,,16,14,,Concert
2/27/2026,Shakira,GNP Seguros Stadium,,,,9,27,,Concert
2/12/2026,Broadway - Chess,Imperial Theatre,,,,7,12,,Broadway
2/6/2026,Antarctigo Vespucci,Warsaw,,,,6,6,,Concert
1/2/2026,Broadway - Bug,Samuel J. Friedman Theatre,,,,1,2,,Broadway
12/22/2025,Jonas Brothers,Barclays Center,,,,52,22,,Concert
12/20/2025,The New York Pops - A Place Called Home,Carnegie Hall,,,,51,20,,Concert
12/2/2025,Portugal The Man.,Music Hall of Williamsburg,,,,49,2,,Concert
11/15/2025,Broadway - Two Strangers Carry A Cake Across New York,Longacre Theatre,,,,46,15,,Broadway
11/5/2025,Broadway - Rob Lake Magic with special guests The Muppets,Broadhurst Theatre,,,,45,5,,Broadway
10/31/2025,Florence and the Machine,Pioneer Works,,,,44,31,,Concert
10/29/2025,"Broadway - Oh, Mary",Lyceum Theatre,,,,44,29,,Broadway
10/25/2025,Billie Eilish,UBS Arena,,,,43,25,,Concert
10/23/2025,Broadway - Ragtime,Vivian Beaumont Theater,,,,43,23,,Broadway
10/18/2025,Alessi Rose,Madison Square Garden,,,,42,18,,Concert
10/17/2025,Oklou,Knockdown Center,,,,42,17,,Concert
10/16/2025,Grizzly Bear,Brooklyn Steel,,,,42,16,,Concert
10/8/2025,Broadway - Heathers The Musical,New World Stages,,,,41,8,,Broadway
10/8/2025,Tate McRae,Madison Square Garden,,,,41,8,,Concert
10/2/2025,Broadway - Mamma Mia!,Winter Garden Theatre,,,,40,2,,Broadway
9/28/2025,Paris Paloma,Forest Hills Stadium,,,,40,28,,Concert
9/28/2025,The Last Dinner Party,Forest Hills Stadium,,,,40,28,,Concert
9/27/2025,Remi Wolf,Forest Hills Stadium,,,,39,27,,Concert
9/27/2025,DOECHII,First Hills Stadium,,,,39,27,,Concert
9/25/2025,Mallrat,Radio City Music Hall,,,,39,25,,Concert
9/25/2025,MARINA,Radio City Music Hall,,,,39,25,,Concert
9/20/2025,Chappell Roan,Forest Hills Stadium,,,,38,20,,Concert
9/18/2025,CMAT,Webster Hall,,,,38,18,,Concert
9/13/2025,Jeff Rosenstock,Brooklyn Paramount,,,,37,13,,Concert
9/13/2025,PUP,Brooklyn Paramount,,,,37,13,,Concert
9/3/2025,BENEE,Paulie G’s Greenpoint,,,,36,3,,Concert
8/26/2025,Broadway - Just In Time,Circle In The Square,,,,35,26,,Broadway
8/23/2025,Lady Gaga,Madison Square Garden,,,,34,23,,Concert
8/8/2025,"Comedy - John Mulaney, Mike Birbiglia, Fred Armestein",Bethel Woods,,,,32,8,,Concert
7/30/2025,The Head And The Heart,Central Park Summer Stage,,,,31,30,,Concert
7/29/2025,Linkin Park,Barclays Center,,,,31,29,,Concert
7/23/2025,Vengaboys,Madison Square Garden,,,,30,23,,Concert
7/23/2025,Scissor Sisters,Madison Square Garden,,,,30,23,,Concert
7/23/2025,Kesha,Madison Square Garden,,,,30,23,,Concert
7/11/2025,Ashe,The Hill In New York,,,,28,11,,Concert
7/11/2025,Rita Ora,The Hill In New York,,,,28,11,,Concert
7/9/2025,Broadway - Death Becomes Her,Lunt-Fontanne Theatre,,,,28,9,,Broadway
6/8/2025,RAYE,Governors Ball,,,,24,8,,Concert
6/8/2025,berlioz,Governors Ball,,,,24,8,,Concert
6/8/2025,Montell Fish,Governors Ball,,,,24,8,,Concert
6/8/2025,Glass Animals,Governors Ball,,,,24,8,,Concert
6/8/2025,Hozier,Governors Ball,,,,24,8,,Concert
6/7/2025,Artemas,Governors Ball,,,,23,7,,Concert
6/7/2025,MARINA,Governors Ball,,,,23,7,,Concert
6/7/2025,Wallows,Governors Ball,,,,23,7,,Concert
6/7/2025,Car Seat Headrest,Governors Ball,,,,23,7,,Concert
6/7/2025,Conan Gray,Governors Ball,,,,23,7,,Concert
6/7/2025,Olivia Rodrigo,Governors Ball,,,,23,7,,Concert
6/6/2025,Jean Dawson,Governors Ball,,,,23,6,,Concert
6/6/2025,Isabel LaRosa,Governors Ball,,,,23,6,,Concert
6/6/2025,Mannequin Pussy,Governors Ball,,,,23,6,,Concert
6/6/2025,The Beaches,Governors Ball,,,,23,6,,Concert
6/6/2025,Tyla,Governors Ball,,,,23,6,,Concert
5/30/2025,Simple Plan,Madison Square Garden,,,,22,30,,Concert
5/30/2025,Avril Lavigne,Madison Square Garden,,,,22,30,,Concert
5/29/2025,Broadway - Sunset Blvd,St. James Theatre,,,,22,29,,Broadway
5/24/2025,Beyonce,MetLife Stadium,,,,21,24,,Concert
05/04/2025,Arcade Fire,Brooklyn Paramount,,,,19,4,,Concert
05/02/2025,Broadway - Dead Outlaw,Longacre Theatre,,,,18,2,,Broadway
04/29/2025,aron!,The Speakeasy at The Gin Mill,,,,18,29,,Concert
04/09/2025,Mark Hoppus - Fahrenheit-182 Book Reading,Brooklyn Paramount,,,,15,9,,Concert
04/04/2025,Pom Pom Squad,Music Hall of Williamsburg,,,,14,4,,Concert
04/03/2025,Broadway - Hamilton,Richard Rodgers Theatre,,,,14,3,,Broadway
03/28/2025,Broadway - The Picture Of Dorrian Gray,Music Box,,,,13,28,,Broadway
03/26/2025,Broadway - Glengary Glen Ross,Palace Theatre,,,,13,26,,Broadway
03/22/2025,Comedy - Mike Birbiglia,Beacon Theatre,,,,12,22,,Concert
01/25/2025,Tall Heights,Mercury Lounge,,,,4,25,,Concert
01/07/2025,Broadway - Maybe Happy Ending,Belasco Theatre,,,,2,7,,Broadway
12/13/2024,Samara Joy,United Palace,,,,50,13,,Concert
11/22/2024,Broadway - Gypsy,Majestic Theatre,,,,47,22,,Broadway
11/15/2024,Nickel Creek,Barclays Center,,,,46,15,,Concert
11/15/2024,Lord Huron,Barclays Center,,,,46,15,,Concert
11/15/2024,Kacey Musgraves,Barclays Center,,,,46,15,,Concert
11/12/2024,Floweroflove,Baby’s Alright,,,,46,12,,Concert
11/12/2024,Rachel Bochner,Baby’s Alright,,,,46,12,,Concert
11/6/2024,Joel Sunny,Irving Plaza,,,,45,6,,Concert
10/22/2024,The Bruce Lee Band,Zepp Diver City,,,,43,22,,Concert
10/22/2024,The Suicide Machines,Zepp Diver City,,,,43,22,,Concert
10/22/2024,HEY-SMITH,Zepp Diver City,,,,43,22,,Concert
10/07/2024,Coldplay - SiriusXM,Music Hall of Williamsburg,,,,41,7,,Concert
10/06/2024,Vampire Weekend,Madison Square Garden,,,,41,6,,Concert
10/05/2024,Vampire Weekend,Madison Square Garden,,,,40,5,,Concert
09/27/2024,Broadway - Romeo + Juliet,Circle In The Square,,,,39,27,,Broadway
09/26/2024,RAYE,The Loretto Theater,,,,39,26,,Concert
09/21/2024,Broadway - Yellowface,Todd Haimes Theatre,,,,38,21,,Broadway
09/18/2024,Twenty One Pilots,Barclays Center,,,,38,18,,Concert
09/14/2024,The Killers,Forest Hills Stadium,,,,37,14,,Concert
09/11/2024,Flaming Lips,Madison Square Garden,,,,37,11,,Concert
09/11/2024,Weezer,Madison Square Garden,,,,37,11,,Concert
09/10/2024,"Broadway - Oh, Mary!",Lyceum Theatre,,,,37,10,,Broadway
09/05/2024,Young The Giant,Madison Square Garden,,,,36,5,,Concert
09/05/2024,Cage The Elephant,Madison Square Garden,,,,36,5,,Concert
08/27/2024,Jeff Rosenstock,Warsaw,,,,35,27,,Concert
08/23/2024,Benee,Madison Square Garden,,,,34,23,,Concert
08/23/2024,Wallows,Madison Square Garden,,,,34,23,,Concert
08/23/2024,PUP,Warsaw,,,,34,23,,Concert
08/22/2024,Jeff Rosenstock,Warsaw,,,,34,22,,Concert
08/21/2024,Chris Farren,Warsaw,,,,34,21,,Concert
08/21/2024,Jeff Rosenstock,Warsaw,,,,34,21,,Concert
08/13/2024,Glass Animals,Madison Square Garden,,,,33,13,,Concert
08/08/2024,Broadway - Cabaret at the Kit Kat Club,August Wilson Theatre,,,,32,8,,Broadway
08/06/2024,Broadway - MJ,Neil Simon Theatre,,,,32,6,,Broadway
07/27/2024,Samara Joy,Rufus King Park - Riddim and Jazz Festival,,,,30,27,,Concert
07/21/2024,Blink-182,Citi Field,,,,30,21,,Concert
07/17/2024,Glass Animals,Elsewhere,,,,29,17,,Concert
07/16/2024,Noah Kahan,Madison Square Garden,,,,29,16,,Concert
07/10/2024,Tegan and Sara,Red Rocks Amphitheater,,,,28,10,,Concert
07/10/2024,Portugal The Man,Red Rocks Amphitheater,,,,28,10,,Concert
07/01/2024,LA LOM,Central Park Summerstage,,,,27,1,,Concert
07/01/2024,Madison Cunningham,Central Park Summerstage,,,,27,1,,Concert
06/12/2024,Allie X,Racket,,,,24,12,,Concert
06/08/2024,Comedy - Mike Birbiglia,Beacon Theatre,,,,23,8,,Concert
06/06/2024,Broadway - Home,Todd Haimes Theatre,,,,23,6,,Broadway
06/04/2024,Hozier,Forest Hills Stadium,,,,23,4,,Concert
05/25/2024,Broadway - Snuffs: The Musical,Music Box Theatre,,,,21,25,,Broadway
05/24/2024,Broadway - The Notebook,Schoenfeld Theatre,,,,21,24,,Broadway
05/10/2024,Cheekface,Music Hall of Williamsburg,,,,19,10,,Concert
05/06/2024,Liana Flores,Berlin,,,,19,6,,Concert
04/09/2024,CMAT,Music Hall of Williamsburg,,,,15,9,,Concert
04/09/2024,Morgana,Music Hall of Williamsburg,,,,15,9,,Concert
04/06/2024,The Breeders,Madison Square Garden,,,,14,6,,Concert
04/06/2024,Olivia Rodrigo,Madison Square Garden,,,,14,6,,Concert
01/19/2024,Samara Joy,Blue Note Jazz Club,,,,3,19,,Concert
01/18/2024,Green Day,Irving Plaza,,,,3,18,,Concert
12/31/2023,Heart,Climate Pledge Arena,,,,53,31,,Concert
12/01/2023,DURRY,Racket,,,,48,1,,Concert
11/29/2023,Doja Cat,Barclays Center,,,,48,29,,Concert
11/11/2023,The Front Bottoms,Terminal 5,,,,45,11,,Concert
11/11/2023,Slothrust,Terminal 5,,,,45,11,,Concert
11/11/2023,Durry,Bowery Ballroom,,,,45,11,,Concert
10/17/2023,Yonaka,Irving Plaza,,,,42,17,,Concert
10/06/2023,D4VD,Barclay’s Center,,,,40,6,,Concert
10/06/2023,SZA,Barclay’s Center,,,,40,6,,Concert
10/03/2023,RAYE,Terminal 5,,,,40,3,,Concert
09/29/2023,CMAT,Baby’s All Right,,,,39,29,,Concert
09/26/2023,Janelle Monae,Radio City Music Hall,,,,39,26,,Concert
09/19/2023,Death Cab For Cutie,Madison Square Garden,,,,38,19,,Concert
09/19/2023,The Postal Service,Madison Square Garden,,,,38,19,,Concert
09/15/2023,Owl City,Webster Hall,,,,37,15,,Concert
09/09/2023,Phoenix,Madison Square Garden,,,,36,9,,Concert
09/07/2023,Jeff Rosenstock,Terminal 5,,,,36,7,,Concert
08/12/2023,Mangdalena Bay,Pier 17,,,,32,12,,Concert
08/12/2023,Rina Sawayama,Pier 17,,,,32,12,,Concert
07/27/2023,Portugal. The Man,Radio City Music Hall,,,,30,27,,Concert
07/13/2023,Weezer,Forest Hills Stadium,,,,28,13,,Concert
05/19/2023,Blink-182,Madison Square Garden,,,,20,19,,Concert
05/19/2023,Turnstile,Madison Square Garden,,,,20,19,,Concert
05/13/2023,Taylor Swift,Lincoln Financial Field,,,,19,13,,Concert
05/05/2023,WizTheMC,Racket,,,,18,5,,Concert
05/05/2023,UPSHALL,Racket,,,,18,5,,Concert
12/14/2022,Jazz At Lincoln Center,Samara Joy,,,,51,14,,Concert
12/09/2022,Rafella,Sultan Room,,,,50,9,,Concert
11/29/2022,Sad Night Dynamite,Bowery Ballroom,,,,49,29,,Concert
11/08/2022,Samara Joy,Blue Note,,,,46,8,,Concert
10/29/2022,Tegan and Sara,Pier 17,,,,44,29,,Concert
10/21/2022,Tegan and Sara,Rough Trade,,,,43,21,,Concert
10/18/2022,Royal And The Serpent,Beacon Theater,,,,43,18,,Concert
10/18/2022,Demi Lovato,Beacon Theater,,,,43,18,,Concert
10/16/2022,Muse,Beacon Theater,,,,43,16,,Concert
08/23/2022,The Shins,Radio City Music Hall,,,,35,23,,Concert
08/17/2022,The Strokes,MetLife Stadium,,,,34,17,,Concert
08/17/2022,Red Hot Chili Peppers,MetLife Stadium,,,,34,17,,Concert
08/16/2022,Joe Hisaishi,Radio City Music Hall,,,,34,16,,Concert
08/13/2022,Franz Ferdinand,Pier 17,,,,33,13,,Concert
08/13/2022,Vundabar,Pier 17,,,,33,13,,Concert
08/11/2022,Lady Gaga,MetLife Stadium,,,,33,11,,Concert
08/08/2022,Glass Animals,Brooklyn Mirage,,,,33,8,,Concert
07/28/2022,Maneskin,House of X,,,,31,28,,Concert
06/28/2022,Ludovico Einaudi,Beacon Theatre,,,,27,28,,Concert
05/11/2022,PUP,Terminal 5,,,,20,11,,Concert
05/06/2022,Rina Sawayama,Brooklyn Steel,,,,19,6,,Concert
04/26/2022,Olivia Rodrigo,Radio City Music Hall,,,,18,26,,Concert
04/19/2022,Lights,Irving Plaza,,,,17,19,,Concert
04/11/2022,Portugal. The Man,Madison Square Garden,,,,16,11,,Concert
04/11/2022,Alt-J,Madison Square Garden,,,,16,11,,Concert
04/09/2022,Slithrust,Elsewhere,,,,15,9,,Concert
04/08/2022,Cafe The Elephant,Music Hall of Williamsburg,,,,15,8,,Concert
03/19/2022,Arcade Fire,Bowery Ballroom,,,,12,19,,Concert
03/18/2022,Arcade Fire,Bowery Ballroom,,,,12,18,,Concert
03/15/2022,Tame Impala,Barclays Center,,,,12,15,,Concert
02/24/2022,Illuminati Hotties,Bowery Ballroom,,,,9,24,,Concert
02/23/2022,Grouplove,Brooklyn Steel,,,,9,23,,Concert
02/19/2022,Billie Eilish,Madison Square Garden,,,,8,19,,Concert
02/19/2022,Dora Jar,Madison Square Garden,,,,8,19,,Concert
02/17/2022,K Flay,Irving Plaza,,,,8,17,,Concert
02/17/2022,G Flip,Irving Plaza,,,,8,17,,Concert
02/11/2022,I don’t know how they found me but they did,Irving Plaza,,,,7,11,,Concert
01/12/2022,Stephan Moccio,Monet’s Immersive Experience,,,,3,12,,Concert
12/07/2021,Sad Night Dynamite,Baby’s Alright,,,,50,7,,Concert
12/04/2021,The New Pornographers,Webster Hall,,,,49,4,,Concert
12/02/2021,Ricky Montgomery,Gramercy Theater,,,,49,2,,Concert
11/14/2021,Upsahl,Webster Hall,,,,47,14,,Concert
10/28/2021,SG Goodman,Le Poisson Rouge,,,,44,28,,Concert
10/28/2021,Madison Cunningham,Le Poisson Rouge,,,,44,28,,Concert
10/16/2021,Harry Styles,Madison Square Garden,,,,42,16,,Concert
10/08/2021,Alec benjamain,Franklin Music Hall,,,,41,8,,Concert
10/06/2021,The Blossom,Music Hall of Williamsburg,,,,41,6,,Concert
09/26/2021,Caroline Polachek,Randall's Island Park,,,Governors Ball,40,26,,Concert
09/26/2021,Duck Sauce,Randall's Island Park,,,Governors Ball,40,26,,Concert
09/26/2021,Carly Rae Jepsen,Randall's Island Park,,,Governors Ball,40,26,,Concert
09/26/2021,Ellie Goulding,Randall's Island Park,,,Governors Ball,40,26,,Concert
09/26/2021,Post Malone,Randall's Island Park,,,Governors Ball,40,26,,Concert
09/25/2021,King Princess,Randall's Island Park,,,Governors Ball,39,25,,Concert
09/25/2021,Megan Thee Stallion,Randall's Island Park,,,Governors Ball,39,25,,Concert
09/25/2021,Phoebe Bridgers,Randall's Island Park,,,Governors Ball,39,25,,Concert
09/25/2021,J Balvin,Randall's Island Park,,,Governors Ball,39,25,,Concert
09/24/2021,Leon Bridges,Randall's Island Park,,,Governors Ball,39,24,,Concert
09/24/2021,Orville Peck,Randall's Island Park,,,Governors Ball,39,24,,Concert
09/24/2021,Billie Eilish,Randall's Island Park,,,Governors Ball,39,24,,Concert
09/20/2021,We Are Scientists,Elsewhere,,,,39,20,,Concert
08/31/2021,Glass Animals,Prospect Park BRIC Celebrate Brooklyn,,,,36,31,,Concert
08/04/2021,Weezer,Citi Field,Hella Mega Tour,,,32,4,,Concert
08/04/2021,Green Day,Citi Field,Hella Mega Tour,,,32,4,,Concert
06/17/2021,Coldplay,LIC Waterfront,,,,25,17,,Concert
06/27/2020,The Gaslight Anthem,Ed Sullivan Theatre,,,,26,27,,Concert
02/26/2020,Glass Animals,Music Hall of Williamsburg,Dreamland Tour,,,9,26,,Concert
02/14/2020,The Lumineers,Barclays Center,,,,7,14,,Concert
02/13/2020,Spencer Ludwig,Mercury Lounge,,,,7,13,,Concert
02/13/2020,Saint Motel,Webster Hall,,,,7,13,,Concert
02/08/2020,Lola Marsh,Rough Trade,,,,6,8,,Concert
02/06/2020,Callie Reiff,Avant Gardner,,,,6,6,,Concert
02/06/2020,LIGHTS,Avant Gardner,,,,6,6,,Concert
02/06/2020,deadmau5,Avant Gardner,,,,6,6,,Concert
02/04/2020,SG Goodman,Rockwood Music Hall,,,,6,4,,Concert
01/29/2020,Madison Cunningham,Le Possion Rouge,,,,5,29,,Concert
01/29/2020,Chad Lawson,VLG Lounge,,,,5,29,,Concert
01/03/2020,Television Skies,Arlene’s Grocery,Paul's band,,,1,3,,Concert
12/24/2019,Broadway - A Christmas Carol,Lyceum Theatre,,,,52,24,,Broadway
12/12/2019,The Raconteurs,The Republik,Hawaii show,,,50,12,,Concert
12/07/2019,She & Him,Kings Theater,,,,49,7,,Concert
12/06/2019,Mumford & Sons,ALT 92.3 Not So Silent Night,Barclays Center,,,49,6,,Concert
12/06/2019,Vampire Weekend,ALT 92.3 Not So Silent Night,Barclays Center,,,49,6,,Concert
12/06/2019,Cage The Elephant,ALT 92.3 Not So Silent Night,Barclays Center,,,49,6,,Concert
12/06/2019,Jimmy Eat World,ALT 92.3 Not So Silent Night,Barclays Center,,,49,6,,Concert
12/06/2019,Judah & The Lion,ALT 92.3 Not So Silent Night,Barclays Center,,,49,6,,Concert
12/06/2019,SHAED,ALT 92.3 Not So Silent Night,Barclays Center,,,49,6,,Concert
11/16/2019,The Ergs!,Brooklyn Bazaar,,,,46,16,,Concert
11/15/2019,Jon Batiste,Sirius XM,,,,46,15,,Concert
11/14/2019,mxmtoon,Rockwood Music Hall,,,,46,14,,Concert
11/13/2019,Christine and the Queens,Guggenheim Museum,,,,46,13,,Concert
11/12/2019,Jeff Goldblum,Sony Hall,,,,46,12,,Concert
11/11/2019,Alex McArtor,The Standard East,,,,46,11,,Concert
11/08/2019,Cavetown,Webster Hall,,,,45,8,,Concert
11/07/2019,The New Pornographers,Brooklyn Steel,,,,45,7,,Concert
11/05/2019,Saves The Day,Mission Chinese,Resy event,,,45,5,,Concert
10/29/2019,Ingrid Michaelson,Webster Hall,,,,44,29,,Concert
10/25/2019,Alec Benjamin,Terminal 5,,,,43,25,,Concert
10/23/2019,Shura,Music Hall of Williamsburg,,,,43,23,,Concert
10/22/2019,Joey Alexander,Universal Jazz and Classical Conference,,,,43,22,,Concert
10/18/2019,Lucas Vidal,UMG College Showcase,,,,42,18,,Concert
10/15/2019,The Black Keys,Barclays Center,,,,42,15,,Concert
10/09/2019,SHAED,Bowery Ballroom,,,,41,9,,Concert
09/28/2019,Spencer Ludwig,Hudson Yards,,,,39,28,,Concert
09/25/2019,Janelle Monae,Pier 17,,,,39,25,,Concert
09/24/2019,Tegan and Sara,Murmrr Theatre,,,,39,24,,Concert
09/20/2019,Blink 182,Barclays,,,,38,20,,Concert
09/18/2019,PVRIS,Music Hall Of Williasmburg,,,,38,18,,Concert
09/18/2019,Tove Lo,Bowery Ballroom,,,,38,18,,Concert
09/12/2019,Illuminati Hotties,Terminal 5,,,,37,12,,Concert
09/12/2019,AJJ,Terminal 5,,,,37,12,,Concert
09/12/2019,PUP,Terminal 5,,,,,,,
09/09/2019,Absofacto,Bowery Ballroom,,,,37,9,,
09/07/2019,Live From Here with Chris Thiele,Town Hall,"Ezra Koenig of Vampire Weekend, Natalia Lafourcade, Sarah Jarosz, Jake Gyllenhaal, Matt Braunger, Holly Laurent",,,36,7,,
09/06/2019,Vampire Weekend,Madison Square Garden,,,,36,6,,
09/05/2019,The Lumineers,Radio City Music Hall,,,,36,5,,
08/23/2019,Alex Lahey,Music Hall of Williamsburg,,,,34,23,,
08/17/2019,Beck,Forest Hills Stadium,,,,33,17,,
08/17/2019,Cage The Elephant,Forest Hills Stadium,,,,33,17,,
08/17/2019,Spoon,Forest Hills Stadium,,,,33,17,,
08/06/2019,Audrey,Slipper Room,,,,32,6,,
07/31/2019,Lights,Bowery Ballroom,,,,31,31,,
07/20/2019,Weird Al,Forest Hills Stadium,,,,29,20,,
07/19/2019,Korinya,Triad Theatre,Gab's friend,,,29,19,,
07/18/2019,Carly Rae Jepesen,Hammerstein Ballroom,,,,29,18,,
06/26/2019,Lucius,Beacon Theatre,,,,26,26,,
06/23/2019,Alec Benjamin,The Woodlands of Dover International Speedway,,,Firefly,26,23,,
06/23/2019,Andrew McMahon,The Woodlands of Dover International Speedway,,,Firefly,26,23,,
06/23/2019,Car Seat headrest,The Woodlands of Dover International Speedway,,,Firefly,26,23,,
06/23/2019,Death Cab For Cutie,The Woodlands of Dover International Speedway,,,Firefly,26,23,,
06/23/2019,Half Alive,The Woodlands of Dover International Speedway,,,Firefly,26,23,,
06/23/2019,Joywave,The Woodlands of Dover International Speedway,,,Firefly,26,23,,
06/23/2019,King Princess,The Woodlands of Dover International Speedway,,,Firefly,26,23,,
06/23/2019,Lovelytheband,The Woodlands of Dover International Speedway,,,Firefly,26,23,,
06/23/2019,Lykke Li,The Woodlands of Dover International Speedway,,,Firefly,26,23,,
06/23/2019,MAX,The Woodlands of Dover International Speedway,,,Firefly,26,23,,
06/23/2019,Vampire Weekend,The Woodlands of Dover International Speedway,,,Firefly,26,23,,
06/23/2019,Young The Giant,The Woodlands of Dover International Speedway,,,Firefly,26,23,,
06/23/2019,Yungblud,The Woodlands of Dover International Speedway,,,Firefly,26,23,,
06/22/2019,Klingande,The Woodlands of Dover International Speedway,,,Firefly,25,22,,
06/21/2019,Awolnation,The Woodlands of Dover International Speedway,,,Firefly,25,21,,
06/21/2019,Bob Moses,The Woodlands of Dover International Speedway,,,Firefly,25,21,,
06/21/2019,Panic! At The Disco,The Woodlands of Dover International Speedway,,,Firefly,25,21,,
06/21/2019,SHAED,The Woodlands of Dover International Speedway,,,Firefly,25,21,,
06/21/2019,X Ambasadors,The Woodlands of Dover International Speedway,,,Firefly,25,21,,
06/18/2019,Billie Eilish,Pier 17,,,,25,18,,
06/06/2019,Lily Allen,Randall's Island Park,,,Governors Ball,23,6,,
06/03/2019,SHAED,Randall's Island Park,,,Governors Ball,23,3,,
06/01/2019,Florence & The Machine,Randall's Island Park,,,Governors Ball,22,1,,
06/01/2019,Kacey Musgraves,Randall's Island Park,,,Governors Ball,22,1,,
06/01/2019,King Princess,Randall's Island Park,,,Governors Ball,22,1,,
05/30/2019,James Supercave,Music Hall of Williamsburg,,,,22,30,,
05/30/2019,Mini Mansions,Music Hall of Williamsburg,,,,22,30,,
05/26/2019,MARINA,Harvard Athletic Complex ,,,Boston Calling,22,26,,
05/25/2019,Anderson .Paak,Harvard Athletic Complex ,Brought out Lil Nas X,,Boston Calling,21,25,,
05/25/2019,King Princess,Harvard Athletic Complex ,,,Boston Calling,21,25,,
05/25/2019,Superorganism,Harvard Athletic Complex ,,,Boston Calling,21,25,,
05/24/2019,Fred Arminsen,Harvard Athletic Complex ,,,Boston Calling,21,24,,
05/24/2019,Mura Masa,Harvard Athletic Complex ,,,Boston Calling,21,24,,
05/24/2019,Tank And The Bangas,Harvard Athletic Complex ,,,Boston Calling,21,24,,
05/21/2019,Passion Pit,Pier 17,Manners 10th Anniversary,,,21,21,,
05/18/2019,BTS,MetLife Stadium,,,,20,18,,
05/17/2019,The Head and the Heart,Bowery Ballroom,,,,20,17,,
05/14/2019,girl in red,Baby’s All Right,,,,20,14,,
05/08/2019,Wallows,Irving Plaza,,,,19,8,,
05/06/2019,Flora Cash,Irving Plaza,,,,19,6,,
05/05/2019,Vampire Weekend,Webster Hall,,,,19,5,,
04/29/2019,Rosalia,Webster Hall,,,,18,29,,
04/21/2019,Allie X,Bowery Ballroom,,,,17,21,,
04/15/2019,Madison Cunningham,Rockwood Music Hall,,,,16,15,,
04/15/2019,Sammy Miller and the Congregation,Rockwood Music Hall,,,,16,15,,
04/01/2019,Simple Creatures,Music Hall Of Williamsburg,,,,14,1,,
03/18/2019,The Comet Is Coming,Mercury Lounge,,,,12,18,,
03/12/2019,Weezer,Madison Square Garden,,,,11,12,,
03/08/2019,Broadway - Be More Chill,Lyceum Theatre,,,,10,8,,Broadway
02/28/2019,Weezer,iHeart Radio,Black Album Release,,,9,28,,
02/22/2019,Switchfoot,The Wellmont Theater,,,,8,22,,
02/18/2019,Metric,King’s Theater,,,,8,18,,
02/12/2019,Jeff Goldblum,Le Possion Rouge,,,,7,12,,
02/07/2019,Chris Farren,Bowery Ballroom,,,,6,7,,
02/07/2019,Jeff Rosenstock,Bowery Ballroom,Live Album Taping,https://www.setlist.fm/setlist/jeff-rosenstock/2019/bowery-ballroom-new-york-ny-139525a5.html,,6,7,,
01/25/2019,Spencer Ludwig,Freehold Brooklyn,Le Trumpet,,,4,25,,
01/19/2019,Bishop Briggs,The Fourm,ALTer EGO,,,3,19,,
01/19/2019,Muse,The Fourm,ALTer EGO,,,3,19,,
01/19/2019,Rise Against,The Fourm,ALTer EGO,,,3,19,,
01/19/2019,The Revialists,The Fourm,ALTer EGO,,,3,19,,
01/19/2019,Twenty One Pilots,The Fourm,ALTer EGO,,,3,19,,
01/19/2019,Weezer,The Fourm,ALTer EGO,,,3,19,,
01/12/2019,Matt & Kim,Avant Gardner,Bluepoint IPA Event,,,2,12,,
12/12/2018,Weezer,The Met Philly,,,,50,12,,
12/04/2018,Haerts,Rough Trade,,,,49,4,,
11/16/2018,Alec Benjamin,Mercury Lounge,,,,46,16,,
11/13/2018,LIGHTS,Brooklyn Steel,,,,46,13,,
11/13/2018,Young The Giant,Brooklyn Steel,,,,46,13,,
11/04/2018,Antarticgo Vespucci,Music Hall of Williamsburg,,,,45,4,,
10/31/2018,Christine and the Queens,Brooklyn Steel,,,,44,31,,
10/30/2018,Twenty One Pilots,Madison Square Garden,,,,44,30,,
10/20/2018,Joywave,Warsaw,,,,42,20,,
10/20/2018,Sir Sly,Warsaw,,,,42,20,,
10/14/2018,Maroon 5,MSG,,,,42,14,,
10/09/2018,Florence & The Machine,Barclays,,,,41,9,,
10/08/2018,CYN,Terminal 5,,,,41,8,,
10/08/2018,Years & Years,Terminal 5,,,,41,8,,
10/06/2018,The Neighbourhood,Terminal 5,,,,40,6,,
10/04/2018,Tove Stryke,Le Poseidon Rouge,,,,40,4,,
09/29/2018,Alex Winston,Knockdown Center,,,,39,29,,
09/29/2018,Broods,Knockdown Center,,,,39,29,,
09/29/2018,Marina And The Diamonds,Knockdown Center,,,,39,29,,
09/27/2018,Fickle Friends,Bowery Ballroom,,,,39,27,,
09/22/2018,Janelle Monae,Lefrak Center At Lakeside Prospect Park,,,,38,22,,
09/21/2018,St Lucia,Pier 17,,,,38,21,,
08/18/2018,Alkaline Trio,Brooklyn Steel,,,,33,18,,
08/14/2018,Nadine Sierra,UMG Lounge,,,,33,14,,
08/07/2018,Alex Lahey,Bowery Ballroom,,,,32,7,,
08/07/2018,Pronoun,Bowery Ballroom,,,,32,7,,
08/01/2018,Metric,Madison Square Garden,,https://www.setlist.fm/setlist/metric/2018/madison-square-garden-new-york-ny-43eb033b.html,,31,1,,
07/28/2018,Jon Batiste,Pier 17,,,,30,28,,
07/24/2018,Panic! At The Disco,Madison Square Garden,,,,30,24,,
07/20/2018,Pixies,PNC Bank Arts Center,,,,29,20,,
07/20/2018,Weezer,PNC Bank Arts Center,,,,29,20,,
07/19/2018,Beck,Madison Square Garden,,,,29,19,,
07/18/2018,Janelle Monae,The Theater at Madison Square Garden,,,,29,18,,
07/09/2018,Phoenix,Brooklyn Steel,,,,28,9,,
06/27/2018,Foster the People,Barclay's Center,,,,26,27,,
06/27/2018,Paramore,Barclay's Center,,,,26,27,,
06/25/2018,The Naked and Famous,Le Possion Rouge,,,,26,25,,
06/23/2018,Tove Lo,Pier 57,Pride 2018,,,25,23,,
06/18/2018,Andrea Bocelli,Capitol Studios,Album Event,,,25,18,,
06/16/2018,Alex Lahey,The Woodlands of Dover International Speedway,,,Firefly,24,16,,
06/16/2018,Eminem,The Woodlands of Dover International Speedway,,,Firefly,24,16,,
06/16/2018,Middle Kids,The Woodlands of Dover International Speedway,,,Firefly,24,16,,
06/16/2018,Middle Kids,The Woodlands of Dover International Speedway,,,Firefly,24,16,,
06/16/2018,Portugal. The Man,The Woodlands of Dover International Speedway,,,Firefly,24,16,,
06/16/2018,The Aces,The Woodlands of Dover International Speedway,,,Firefly,24,16,,
06/16/2018,The Aces,The Woodlands of Dover International Speedway,,,Firefly,24,16,,
06/16/2018,The Killers,The Woodlands of Dover International Speedway,,,Firefly,24,16,,
06/15/2018,Arctic Monkeys,The Woodlands of Dover International Speedway,,,Firefly,24,15,,
06/15/2018,Foster the People,The Woodlands of Dover International Speedway,,,Firefly,24,15,,
06/15/2018,Jimmy Eat World,The Woodlands of Dover International Speedway,,,Firefly,24,15,,
06/15/2018,LIGHTS,The Woodlands of Dover International Speedway,,,Firefly,24,15,,
06/15/2018,Lizzo,The Woodlands of Dover International Speedway,,,Firefly,24,15,,
06/15/2018,Mirian Hill,The Woodlands of Dover International Speedway,,,Firefly,24,15,,
06/15/2018,The Regrettes,The Woodlands of Dover International Speedway,,,Firefly,24,15,,
06/15/2018,The Regrettes,The Woodlands of Dover International Speedway,,,Firefly,24,15,,
06/15/2018,We Are Scientists,The Woodlands of Dover International Speedway,,,Firefly,24,15,,
06/09/2018,The Head And The Heart,Forest Hills Stadium,,,,23,9,,
06/08/2018,Wild Child,Duggal Greenhouse,The Whiskey X Event,,,23,8,,
06/01/2018,Future Generations,City Winery,,,,22,1,,
06/01/2018,Sir Sly,City Winery,,,,22,1,,
05/31/2018,The Gaslight Anthem,Bowery Ballroom,59 Sound Anniversary,https://www.setlist.fm/setlist/the-gaslight-anthem/2018/bowery-ballroom-new-york-ny-13ed7925.html,,22,31,,
05/27/2018,Cameron Esposito,Harvard Athletic Complex ,,,Boston Calling Festival,22,27,,
05/27/2018,David Cross,Harvard Athletic Complex ,,,Boston Calling Festival,22,27,,
05/27/2018,Eminem,Harvard Athletic Complex ,,,Boston Calling Festival,22,27,,
05/27/2018,Fleet Foxes,Harvard Athletic Complex ,,,Boston Calling Festival,22,27,,
05/25/2018,Paramore,Harvard Athletic Complex ,,,Boston Calling Festival,21,25,,
05/25/2018,Portugal. The Man,Harvard Athletic Complex ,,,Boston Calling Festival,21,25,,
05/25/2018,The Killers,Harvard Athletic Complex ,,,Boston Calling Festival,21,25,,
05/23/2018,The Kooks,Brooklyn Steel,,,,21,23,,
05/21/2018,CHVRCHES,Elsewhere,,,,21,21,,
05/11/2018,J.S. Ondara,Ludlow House,,,,19,11,,
05/07/2018,The Naked and Famous,Sunfest Festival,,,,19,7,,
05/06/2018,Haim,Radio City Music Hall,,,,19,6,,
05/06/2018,Lizzo,Radio City Music Hall,,,,19,6,,
05/02/2018,Middle Kids,Public Arts,Spotify Fan First Secret Show,,,18,2,,
04/30/2018,Brian Newman,Le Possion Rouge,Verve Records Showcase,,,18,30,,
04/30/2018,Elena,Le Possion Rouge,Verve Records Showcase,,,18,30,,
04/30/2018,John Batiste,Le Possion Rouge,Verve Records Showcase,,,18,30,,
04/30/2018,Tank and the Bangas,Le Possion Rouge,Verve Records Showcase,,,18,30,,
04/29/2018,Andrew McMahon and the Wilderness,Irving Plaza,Acoustic Performance / Allen stone appearance,,,18,29,,
04/25/2018,CYN,Bowery Ballroom,,,,17,25,,
04/20/2018,Jeff Rosenstock,Warsaw,,,,16,20,,
04/19/2018,Mating Ritual,Bowery Ballroom,,,,16,19,,
04/16/2018,Frenship,Bowery Ballroom,,,,16,16,,
04/16/2018,Kimbra,Rough Trade,Album release show,,,16,16,,
04/16/2018,Yoke Lore,Bowery Ballroom,,,,16,16,,
04/15/2018,Misia Vessio,The Producers Club,No Feelings Presents,,,16,15,,
04/09/2018,The Lawrence Arms,Gramercy Theatre,,,,15,9,,
04/06/2018,Bettye LaVette,City Winery,,,,14,6,,
04/03/2018,Field Report,Bowery Ballroom,,,,14,3,,
03/27/2018,MGMT,Sony Hall,First show at Sony Hall,,,13,27,,
03/23/2018,Jack White,Warsaw,,,,12,23,,
03/21/2018,"Jiji, Guitar",Le Possion Rouge,,,,12,21,,
03/21/2018,Joep Beving,Le Possion Rouge,,,,12,21,,
03/14/2018,Arcade Fire,Gramercy Theatre,Spotify Fan First,,,11,14,,
03/08/2018,Thirdstory,Apple Store Williamsburg,,,,10,8,,
03/06/2018,Lola Marsh,Rough Trade,,,,10,6,,
02/28/2018,Jon Batiste,Bowery Ballroom,,,,9,28,,
02/26/2018,LIGHTS,Irving Plaza,,,,9,26,,
02/20/2018,Portugal. The Man,Brooklyn Steel,,,,8,20,,
02/20/2018,Topaz Jones,Brooklyn Steel,,,,8,20,,
02/16/2018,Absofacto,Music Hall of Williamsberg,,,,7,16,,
02/15/2018,BORNS,Brooklyn Steel,,,,7,15,,
02/13/2018,First Aid Kit,Beacon Theatre,,,,7,13,,
02/09/2018,COIN,Irving Plaza,,,,6,9,,
01/26/2018,Francis And The Lights,MasterCard House,Grammy Event,,,4,26,,
01/26/2018,Grammy Salute to Classical,Carnegie Hall,Hosted by Lang Lang,,,4,26,,
01/26/2018,Portugal. The Man,MasterCard House,Grammy Event,,,4,26,,
01/17/2018,Lullaby Project Celebration Concert,Carnegie Hall,,,,3,17,,
01/14/2018,Passion Pit,Terminal 5,,,,3,14,,
01/12/2018,Sons of Kemet,Le Possion Rouge,Impulse! Showcase at Winter JazzFest,,,2,12,,
01/12/2018,Sullivan Fortner Trio,Le Possion Rouge,Impulse! Showcase at Winter JazzFest,,,2,12,,
01/10/2018,The Wombats,Brooklyn Steel,,,,2,10,,
01/09/2018,The Killers,Barclay's Center,,,,2,9,,
12/14/2017,Partner,Elsewhere,,,,50,14,,
12/04/2017,Obliques,Elsewhere,,,,49,4,,
11/30/2017,Nadine Sierra,The Greene Space,WQXR Show,,,48,30,,
11/28/2017,Kirk Franklin,Kings Theatre,Ledisi & Kirk Franklin & The Saint Tour,,,48,28,,
11/28/2017,Ledisi,Kings Theatre,Ledisi & Kirk Franklin & The Saint Tour,,,48,28,,
11/18/2017,Angus & Julia Stone,Public Arts,,,,46,18,,
11/16/2017,Alex Lahey,Music Hall Of Williamsburg,,,,46,16,,
11/09/2017,LIGHTS,Samsung,,,,45,9,,
11/08/2017,Tegan And Sara,Kings Theatre,The Con X Tour,,,45,8,,
11/07/2017,Tori Amos,Beacon Theatre,M&G,,,45,7,,
11/03/2017,The Shins,Kings Theatre,,,,44,3,,
10/28/2017,Tegan And Sara,Queen Elizabeth Theatre,Vancouver / The Con X Tour,,,43,28,,
10/27/2017,Tegan And Sara,Moore Theatre,Seattle / The Con X Tour,,,43,27,,
10/19/2017,BORNS,Public Arts,,,,42,19,,
10/19/2017,CYN,Public Arts,"Opening for: BORNS, first live show",,,42,19,,
10/13/2017,Paperwhite,Mercury Lounge,Opener,,,41,13,,
10/10/2017,LIGHTS,Terminal 5,Headliner: PRVIS,,,41,10,,
10/10/2017,PVRIS,Terminal 5,Opener: LIGHTS,,,41,10,,
10/07/2017,Weezer,Red Rocks,,,,40,7,,
10/07/2017,X Ambassadors,Red Rocks,Opening for: Weezer,,,40,7,,
10/05/2017,Glass Animals,Radio City Music Hall,,,,40,5,,
09/28/2017,Harry Styles,Radio City Music Hall,,,,39,28,,
09/25/2017,Coast Modern,Mercury Lounge,,,,39,25,,
09/22/2017,Bruno Mars,Madison Square Garden,,,,38,22,,
09/22/2017,Dua Lipa,Madison Square Garden,Opening for: Bruno Mars,,,38,22,,
09/20/2017,Tove Stryke,Lazzoni Modern Furniture,Sofar Sounds,,,38,20,,
09/19/2017,The Killers,Brooklyn Steel,SiriusXM - Wonderful Wonderful event,,,38,19,,
09/16/2017,Foster The People,Meadows Festival,,,,37,16,,
09/16/2017,Red Hot Chili Peppers,Meadows Festival,,,,37,16,,
09/16/2017,Weezer,Meadows Festival,,,,37,16,,
09/15/2017,Middle Kids,Music Hall Of Williamsburg,,,,37,15,,
09/14/2017,Jay-Z,Meadows Festival,,,,37,14,,
09/14/2017,Milky Chance,Meadows Festival,,,,37,14,,
09/14/2017,Tegan And Sara,Meadows Festival,,,,37,14,,
09/14/2017,Two Door Cinema Club,Meadows Festival,,,,37,14,,
09/13/2017,Cold War Kids,Summerstage,Opening for: Young The Giant,,,37,13,,
09/13/2017,Young The Giant,Summerstage,Opener: Cold War Kids,,,37,13,,
09/12/2017,Arcade Fire,Madison Square Garden,,,,37,12,,
09/10/2017,Arcade Fire,The Grand Soho Hotel,"KANE Benefit - Win & Regine acoustic with Preservation Hall Jazz Band / Haiti, Everything Now (with pres), We Don't Deserve Love",,,37,10,,
09/07/2017,Dan Croll,Brooklyn Bazaar (greenpoint),,,,36,7,,
08/17/2017,TORRES,Dr. Martins,,,,33,17,,
08/12/2017,They Might Be Giants,SummerStage,,,,32,12,,
08/08/2017,Michelle Branch,Webster Hall,Last show (I attended) at Old Webster Hall,,,32,8,,
08/03/2017,Baio,Seaport Summer 17,Seaport Foodlab,,,31,3,,
08/02/2017,Fleet Foxes,Prospect Park Bandshell,BRIC Celebrate Brooklyn!,,,31,2,,
08/01/2017,London Grammar,Brooklyn Steel,,,,31,1,,
07/30/2017,Fleetwood Mac,Citi Field,Classic East,,,31,30,,
07/30/2017,Glass Animals,Randall's Island,Panorama,,,31,30,,
07/29/2017,Alt-J,Panorama,Festival,,,30,29,,
07/27/2017,Regina Spektor,SummerStage,,,,30,27,,
07/15/2017,The Naked and Famous,Pier 36,Tour de Fat New York,,,28,15,,
07/11/2017,New Politics,Hammerstein Ballroom,,,,28,11,,
06/24/2017,Tegan and Sara,Pier 26,Pride Island,,,25,24,,
06/24/2017,Years & Years,Pier 26,Pride Island,,,25,24,,
06/18/2017,A R I Z O N A,The Woodlands of Dover Motor Speedway,,,Firefly,25,18,,
06/18/2017,Hamilton Leithauser,The Woodlands of Dover Motor Speedway,,,Firefly,25,18,,
06/18/2017,Misterwives,The Woodlands of Dover Motor Speedway,,,Firefly,25,18,,
06/18/2017,Muse,The Woodlands of Dover Motor Speedway,,,Firefly,25,18,,
06/18/2017,The Shins,The Woodlands of Dover Motor Speedway,,,Firefly,25,18,,
06/17/2017,The Naked and Famous,The Woodlands of Dover Motor Speedway,,,Firefly,24,17,,
06/17/2017,The Weeknd,The Woodlands of Dover Motor Speedway,,,Firefly,24,17,,
06/16/2017,BANKS,The Woodlands of Dover Motor Speedway,,,Firefly,24,16,,
06/16/2017,Big Wild,The Woodlands of Dover Motor Speedway,,,Firefly,24,16,,
06/16/2017,OK Go,The Woodlands of Dover Motor Speedway,,,Firefly,24,16,,
06/16/2017,Twenty One Pilots,The Woodlands of Dover Motor Speedway,Firefly - 6/15 - 6/18,,Firefly,24,16,,
06/16/2017,Weezer,The Woodlands of Dover Motor Speedway,Firefly Music Fesival,https://www.setlist.fm/setlist/weezer/2017/the-woodlands-of-dover-international-speedway-dover-de-13e4ad81.html,Firefly,24,16,,
06/06/2017,Cage The Elephant,iHeart Radio,Acoustic Performance for Unpeeled,,,23,6,,
06/06/2017,Portugal. The Man,Terminal 5,,,,23,6,,
06/03/2017,Phoenix,Randall's Island Park,,,Governors Ball,22,3,,
05/28/2017,Cage The Elephant,Harvard Athletic Complex,,,Boston Calling Festival,22,28,,
05/28/2017,Weezer,Harvard Athletic Complex,,https://www.setlist.fm/setlist/weezer/2017/harvard-athletic-complex-boston-ma-53e73775.html,Boston Calling Festival,22,28,,
05/27/2017,Oh Wonder,Harvard Athletic Complex,,,Boston Calling Festival,21,27,,
05/27/2017,Tegan And Sara,Harvard Athletic Complex,,,Boston Calling Festival,21,27,,
05/27/2017,Tkay Maidza,Harvard Athletic Complex,,,Boston Calling Festival,21,27,,
05/26/2017,Mumford & Sons,Harvard Athletic Complex,,,Boston Calling Festival,21,26,,
05/17/2017,A R I Z O N A,Gibson Room,Spotify Album Release Party,,,20,17,,
05/17/2017,Empire The Sun,Terminal 5,,,,20,17,,
05/03/2017,Weezer,Sunfest,,https://www.setlist.fm/setlist/weezer/2017/west-palm-beach-waterfront-west-palm-beach-fl-53e65f5d.html,,18,3,,
05/02/2017,Misterwives,Webster Hall,Album release party - Connect The Dots Tour,,,18,2,,
04/26/2017,The New Pornographers,Terminal 5,,,,17,26,,
04/25/2017,Shura,Bowery Ballroom,,,,17,25,,
04/22/2017,Chairlift,Brooklyn Steel,Farewell Show,,,16,22,,
04/21/2017,Clean Bandit,Webster Hall,,,,16,21,,
04/21/2017,Zara Larsson,Webster Hall,Opener,,,16,21,,
04/12/2017,D.N.C.E,Brooklyn Bowl,M&M's Spotlight Show,,,15,12,,
04/11/2017,Andrew McMahon In The Wilderness,Webster Hall,,,,15,11,,
04/10/2017,Coast Modern,Gramercy Theatre,,,,15,10,,
03/30/2017,Jeff Rosenstock,Irving Plaza,Opener,,,13,30,,
03/30/2017,The Menzingers,Irving Plaza,,,,13,30,,
03/29/2017,Bebe Rexha,Irving Plaza,,,,13,29,,
03/25/2017,Alex Lahey,Mercury Lounge,,,,12,25,,
03/25/2017,Savior Adore,Webster Hall,,,,12,25,,
03/24/2017,Alex Lahey,Rough Trade,,,,12,24,,
03/15/2017,Green Day,Barclays Center,,,,11,15,,
03/14/2017,The Shins,Bowery Ballroom,,,,11,14,,
03/09/2017,The Flaming Lips,Terminal 5,,,,10,9,,
03/06/2017,Hillary Capps,Rough Trade,,,,10,6,,
03/06/2017,Lola Marsh,Rough Trade,,,,10,6,,
03/02/2017,Misterwives,Madison Square Garden,Opening for: Panic! At The Disco,,,9,2,,
03/02/2017,Panic! At The Disco,Madison Square Garden,Death of a Bachelor Tour,,,9,2,,
02/23/2017,Dave Hause,Berlin,,,,8,23,,
02/22/2017,Phoebe Ryan,Hammerstein Ballroom,Opening for: Tove Lo,,,8,22,,
02/22/2017,Tove Lo,Hammerstein Ballroom,,,,8,22,,
12/03/2016,Weezer,Sands Bethlehem,,,,49,3,,
11/18/2016,Hard Girls,Villain,,,,47,18,,
11/18/2016,Jeff Rosenstock,Villain,,,,47,18,,
11/18/2016,Katie Ellen,Villain,,,,47,18,,
11/13/2016,Dua Lipa,Iridium Jazz Club,Filmed for MTV,https://www.setlist.fm/setlist/dua-lipa/2016/iridium-jazz-club-new-york-ny-33fa1c15.html,,47,13,,
10/15/2016,Bent Knee,Webster Hall,Opener,,,42,15,,
10/15/2016,Cult Leader,Webster Hall,,,,42,15,,
10/15/2016,Dillinger Escape Plan,Webster Hall,,,,42,15,,
10/15/2016,O Brother,Webster Hall,Opener,,,42,15,,
09/28/2016,Jimmy Eat World,Sony Music Rooftop,,,,40,28,,
09/26/2016,Brian Fallon,Terminal 5,,,,40,26,,
07/06/2016,Kimbra,Le Possion Rouge,EXO-TECH feat. Kimbra + more,,,28,6,,
07/02/2016,Weezer,PNC Bank Arts Center,"Opener: Panic! At The Disco, Andrew McMahon in the Wilderness",,,27,2,,
06/07/2016,Tegan and Sara,Rough Trade NYC,Acoustic Show,,,24,7,,
04/30/2016,Jazzfest,Fair Grounds Race Course,,,,18,30,,
04/25/2016,Bruce Springsteen,The Barclay's Center,"Played ""The River"" in full",,,18,25,,
04/18/2016,Magic Man,Webster Hall,,,,17,18,,
04/18/2016,The Griswolds,Webster Hall,,,,17,18,,
03/30/2016,Weezer,Warsaw,White Album release show,,,14,30,,
02/20/2016,Le Youth,Webster Hall,,,,8,20,,
02/19/2016,The Loved Ones,Bowery Ballroom,,,,8,19,,
11/17/2015,Adele,Radio City Music Hall,,,,47,17,,
10/15/2015,Smallpools,Webster Hall,Neon Gold CMJ Showcase,,,42,15,,
10/14/2015,Secret Weapons,The Marlin Room at Webster Hall,Black Panda PR Official CMJ Showcase,,,42,14,,
10/02/2015,COIN,Mercury Lounge,,,,40,2,,
09/17/2015,Stevie Wonder,Central Park SummerStage,,https://www.setlist.fm/setlist/stevie-wonder/2015/central-park-summerstage-new-york-ny-4bf7e782.html,,38,17,,
08/04/2015,Edward Sharpe and the Magnetic Zeros,Prospect Park Bandshell,Listened from outside,,,32,4,,
07/28/2015,Titus Andronicus,Shea Stadium,The Most Lamentable Tragedy Release,,,31,28,,
05/11/2015,Passion Pit,Kings Theatre,,,,20,11,,
03/27/2015,Shakey Graves,Irving Plaza,,,,13,27,,
03/20/2015,AJJ,Warsaw,Formerly Andrew Jackson Jihad,,,12,20,,
03/20/2015,Andrew Jackson Jihad,Warsaw,"Opener: The Smith Street Band, Jeff Rosenstock, Chumped",,,12,20,,
03/20/2015,Chumped,Warsaw,,,,12,20,,
03/20/2015,Jeff Rosenstock,Warsaw,,,,12,20,,
03/20/2015,The Smith Street Band,Warsaw,,,,12,20,,
03/18/2015,Modest Mouse,Webster Hall,,,,12,18,,
03/08/2015,Jeff Rosenstock,Babycastles,5 Boroughs Show,,,11,8,,
02/21/2015,Made Violent,Mercury Lounge,,,,8,21,,
02/17/2015,Leon Bridges,Mercury Lounge,,,,8,17,,
02/13/2015,Titus Andronicus,Brooklyn Bazaar,,https://www.setlist.fm/setlist/titus-andronicus/2015/brooklyn-night-bazaar-brooklyn-ny-73ca7635.html,,7,13,,
01/30/2015,Jack White,Madison Square Garden,,,,5,30,,
01/22/2015,Tove Stryke,Westway,NYC Debut,,,4,22,,
12/12/2014,Flosstradamus,Terminal 5,VIP,,,50,12,,
10/27/2014,Weezer,Bowery Ballroom,"EWBAITE Album Release Show, VIP",,,44,27,,
10/24/2014,First Aid Kit,Hammerstein Ballroom,,,,43,24,,
10/22/2014,Jeff Rosenstock,Death By Audio?,,,,43,22,,
10/14/2014,Bully,Shea Stadium,,,,,,,
10/14/2014,Made Violent,Shea Stadium,,,,,,,
10/14/2014,Public Access T.V.,Shea Stadium,,,,,,,
09/13/2014,The Gaslight Anthem,PNC Bank Arts Center,"Opener: Against Me!, Jimmy Eat World",,,37,13,,
09/04/2014,Bleachers,Webster Hall,Opener: Misterwives,,,36,4,,
08/13/2014,Janelle Monae & Wondaland,Highline Ballroom,EEPHUS Tour Secret Show,,,33,13,,
08/05/2014,Magic Man,Theater at The Garden,,,,32,5,,
08/05/2014,Panic! At The Disco,The Theater at Madison Square Garden,Opener: Walk The Moon,,,32,5,,
08/05/2014,Walk The Moon,The Theater at Madison Square Garden,http://pancakesandwhiskey.com/2014/08/07/panic-at-the-disco-walk-the-moon-play-the-theater-at-msg/,,,32,5,,
07/26/2014,Chris Farren,Brooklyn Bazaar,,,,30,26,,
07/25/2014,Dave Hause,Brooklyn Bazaar,,,,30,25,,
06/25/2014,Shakey Graves,Bowery Ballroom,,,,26,25,,
06/25/2014,Wild Child,Bowery Ballroom,,,,26,25,,
06/19/2014,Asgeir,Mercury Lounge,,,,25,19,,
06/14/2014,Misterwives,Brooklyn Bowl,,,,24,14,,
06/08/2014,Bleachers,Randall’s Island Park,,,Governors Ball,24,8,,
06/08/2014,Foster the People,Randall’s Island Park,,,Governors Ball,24,8,,
06/08/2014,Frank Turner,Randall’s Island Park,,,Governors Ball,24,8,,
06/08/2014,Vampire Weekend,Randall’s Island Park,,https://www.setlist.fm/setlist/vampire-weekend/2014/randalls-island-park-randalls-island-ny-bc015be.html,Governors Ball,24,8,,
06/07/2014,Broken Bells,Randall’s Island Park,,,Governors Ball,23,7,,
06/07/2014,Jack White,Randall’s Island Park,,,Governors Ball,23,7,,
06/07/2014,Lucius,Randall’s Island Park,,,Governors Ball,23,7,,
06/07/2014,The Naked and Famous,Randall’s Island Park,,,Governors Ball,23,7,,
06/07/2014,The Strokes,Randall’s Island Park,,https://www.setlist.fm/setlist/the-strokes/2014/randalls-island-park-randalls-island-ny-63c02247.html,Governors Ball,23,7,,
06/06/2014,Julian Casablankas + The Voidz,Randall’s Island Park,,,Governors Ball,23,6,,
06/06/2014,OutKast,Randall’s Island Park,,,Governors Ball,23,6,,
06/06/2014,Phoenix,Randall’s Island Park,,,Governors Ball,23,6,,
06/06/2014,Run The Jewels,Randall’s Island Park,,,Governors Ball,23,6,,
05/20/2014,The Neighbourhood,Rumsey Playfield,Summerstage,,,21,20,,
05/03/2014,Against Me!,Webster Hall,Laura Jane Grace,,,18,3,,
04/30/2014,Matrimony,Mercury Lounge,,,,18,30,,
04/04/2014,Cherub,The Gramercy Theatre,,,,14,4,,
03/20/2014,Magic Man,Mercury Lounge,,,,12,20,,
03/12/2014,Juicy J,Irving Plaza,,,,11,12,,
03/05/2014,The Lawrence Arms,The Gramercy Theatre,,,,10,5,,
02/27/2014,Misterwives,Westway,,,,9,27,,
01/30/2014,Magic Man,Bowery Ballroom,,,,5,30,,
01/19/2014,Bomb The Music Industry!,Warsaw,,,,4,19,,
01/19/2014,Cheap Girls,Warsaw,,,,4,19,,
11/16/2013,Streetlight Manifesto,Starland Ballroom,,,,46,16,,
11/08/2013,Titus Andronicus,Terminal 5,Opening for Lucero,,,45,8,,
10/17/2013,Misterwives,Webster Hall,Downstairs,,,42,17,,
10/02/2013,Phoenix,Barclays Center,,,,40,2,,
10/02/2013,The Vaccines,Barclays Center,,,,40,2,,
09/18/2013,Haerts,Terminal 5,Headliner: Washed Out,,,38,18,,
09/06/2013,Passion Pit,Pier 26,,,,36,6,,
07/27/2013,The Gaslight Anthem,Irving Plaza,"Red Bull Sound Select Show, Opener: Dave Hause",,,30,27,,
07/26/2013,The Gaslight Anthem,Pier 26,,,,30,26,,
07/19/2013,The Oh Hellos,City Winery,,,,29,19,,
06/20/2013,MGMT,The Wellmont Theater,,,,25,20,,
05/16/2013,Matrimony,Mercury Lounge,Opening for: Kopecky Family Band,,,20,16,,
05/15/2013,MS MR,Bowery Ballroom,,,,20,15,,
05/14/2013,Juicy J,Irving Plaza,,,,20,14,,
04/29/2013,The Neighbourhood,Bowery Ballroom,,,,18,29,,
04/05/2013,Matrimony,Highline Ballroom,Opening For: Lydia,,,14,5,,
02/07/2013,Cherub,Highline Ballroom,,,,6,7,,
01/24/2013,Olly Murs,Irving Plaza,,,,4,24,,
12/27/2012,Off Broadway,Mexicali Live,,,,,,,
09/30/2012,Jack White,Radio City Music Hall,,,,40,30,,
09/22/2012,Bruce Springsteen,Metlife Stadium,,,,38,22,,
06/05/2012,The Temper Trap,Terminal 5,,,,23,5,,
05/27/2012,The Arrogant Sons of Bitches,Warsaw,Reunion Show,,,22,27,,
05/22/2012,Jack White,Roseland Ballroom,,,,21,22,,
05/20/2012,Hall & Oates,Googamooga Festival,,,,21,20,,
04/30/2012,The Shins,Terminal 5,,,,18,30,,
04/06/2012,Bruce Springsteen,Madison Square Garden,,,,14,6,,
04/03/2012,Bruce Springsteen,Izod Center,,,,14,3,,
03/20/2012,The Shins,The Ed Sullivan Theater,Live on Letterman,,,12,20,,
12/10/2011,The Gaslight Anthem,Asbury Park Convention Center,Bruce Springsteen appearance,,,50,10,,
10/26/2011,Foster The People,The Ed Sullivan Theater,Live On Letterman,,,44,26,,
07/28/2011,The Flaming Lips,PNC Bank Arts Center,Co-Headline with Weezer,,,31,28,,
07/28/2011,Weezer,PNC Bank Arts Center,Co-headline with The Flaming Lips,,,31,28,,
06/16/2011,Glee,Izod Center,,,,25,16,,
06/08/2011,Cults,The Box,,,,24,8,,
03/31/2011,Cults,Mercury Lounge,,,,14,31,,
03/29/2011,Bomb The Music Industry!,The Meatlocker,iPod Show,,,14,29,,
02/10/2011,The Bouncing Souls,The Stone Pony,,,,7,10,,
12/30/2010,Passion Pit,The Wellmont Theater,,,,53,30,,
12/30/2010,Titus Andronicus,The Wellmont Theater,,,,53,30,,
12/17/2010,Weezer,Roseland Ballroom,Blue Album Memories Tour,http://www.brooklynvegan.com/weezer-played-t/,,51,17,,
12/03/2010,Ozzy Osbourne,Izod Center,,,,49,3,,
11/04/2010,Neon Trees,AMC Theater,VEVO Go Shows,,,45,4,,
10/24/2010,Muse,Prudential Center,,,,44,24,,
10/10/2010,Bomb The Music Industry!,The Silent Barn,Weezer Cover Show,,,42,10,,
08/17/2010,MGMT,Radio City Music Hall,,,,34,17,,
08/05/2010,The Gaslight Anthem,The Stone Pony,,,,32,5,,
06/30/2010,Passion Pit,Colonels' Row - Governors Island,,,,27,30,,
05/02/2010,Weezer,Bamboozle Festival,,https://www.setlist.fm/setlist/weezer/2010/meadowlands-sports-complex-east-rutherford-nj-63d4eadb.html,,19,2,,
05/01/2010,Weezer,Borgata,,,,18,1,,
02/20/2010,New Found Glory,Starland Ballroom,Hit or Miss 10th Anniversary Show,,,8,20,,
09/30/2009,Bruce Springsteen,Giants Staidum,"Last show Giants Stadium, Born To Run Night?",,,40,30,,
08/26/2009,Blink 182,PNC Bank Arts Center,Opener: Weezer,,,35,26,,
08/26/2009,Weezer,PNC Bank Arts Center,Opening for: Blink 182,,,35,26,,
04/03/2009,Brand New,Ramapo College,Bradley Center,,,14,3,,
11/16/2008,Big D and the Kids Table,Starland Ballroom,Skanksgiving,,,47,16,,
11/16/2008,Bomb The Music Industry!,Starland Ballroom,Skanksgiving,,,47,16,,
11/16/2008,Mustard Plug,Starland Ballroom,Skanksgiving,,,47,16,,
11/16/2008,Ska Is Dead,Starland Ballroom,,,,47,16,,
11/16/2008,Westbound Train,Starland Ballroom,Skanksgiving,,,47,16,,
09/27/2008,Ratatat,Terminal 5,,,,39,27,,
09/24/2008,Angels and Airwaves,Madison Square Garden,,,,39,24,,
09/24/2008,Weezer,Madison Square Garden,Opener: Angels and Airwaves,,,39,24,,
09/20/2008,World Inferno Friendship Society,Alexander Kasser Theater,,,,38,20,,
08/17/2008,Rancid,The Fillmore NY,,,,34,17,,
05/11/2008,Method Man,MSU,,,,20,11,,
05/11/2008,Thursday,MSU,,,,20,11,,
05/09/2008,My Chemical Romance,Madison Square Garden,Opener: Taking Back Sunday,,,19,9,,
05/09/2008,Taking Back Sunday,Madison Square Garden,,,,19,9,,
05/09/2008,Tokyo Police Club,Madison Square Garden,,,,19,9,,
11/09/2007,Streetlight Manifesto,Starland Ballroom,,,,45,9,,
09/28/2007,Bayside,Montclair State,,,,39,28,,
09/28/2007,Big D and the Kids Table,Montclair State,,,,39,28,,
09/28/2007,Whole What Bread,Montclair State,,,,39,28,,
09/15/2007,The Arrogant Sons of Bitches,Knitting Factory,Farewell Show - confirm date,,,37,15,,
09/11/2007,The Used,House of Blues - Atlantic City,,,,37,11,,
07/15/2007,Reel Big Fish,Starland Ballroom,Opener: Awful Waffle,,,29,15,,
07/11/2007,Against Me!,Vintage Vinyl,New Wave - Signing,,,28,11,,
03/02/2007,Against Me!,Starland Ballroom,Tom Gabel,,,9,2,,
03/02/2007,Fake Problems,Starland Ballroom,,,,9,2,,
12/28/2006,Bomb The Music Industry!,School of Rock,,,,52,28,,
10/13/2006,The Bouncing Souls,Starland Ballroom,,,,41,13,,
08/06/2006,Leftover Crack,Tompkins Square Park,,,,32,6,,
07/16/2006,Reel Big Fish,Starland Ballroom,Starland Summer Campout (MXPX),,,29,16,,
03/04/2006,BigWig,The Bloomfield Ave Cafe,,,,9,4,,
03/04/2006,The Planet Smashers,The Bloomfield Ave Cafe,,,,9,4,,
03/04/2006,The Specs,The Bloomfield Ave Cafe,,,,9,4,,
12/30/2005,The Bouncing Souls,Starland Ballroom,Home for the Holidays,,,53,30,,
12/06/2005,Against Me!,Asbury Lanes,Tom Gabel,,,50,6,,
11/10/2005,Dropkick Murphy's,Starland Ballroom,,,,46,10,,
10/08/2005,Streetlight Manifesto,Starland Ballroom,,,,41,8,,
08/14/2005,Vans Warped Tour,Old Bridge Raceway Park,,,Warped Tour,34,14,,
08/14/2005,My Chemical Romance,Old Bridge Raceway Park,,,Warped Tour,34,,,
07/02/2005,Sounds of the Underground,Starland Ballroom,,,Sounds of the Underground,27,2,,
06/29/2005,Catch 22,Knitting Factory,,,,27,29,,
06/03/2005,Mustard Plug,The Bloomfield Ave Cafe,,,,23,3,,
05/06/2005,Goldfinger,Starland Ballroom,,,,19,6,,
04/29/2005,Alkaline Trio,Asbury Park Convention Center,,,Bamboozle,18,29,,
02/12/2005,Streetlight Manifesto,Starland Ballroom,,,,7,12,,
02/12/2005,Voodoo Glow Skulls,Starland Ballroom,,,,7,12,,
01/07/2005,Rise Against,Starland Ballroom,,,,2,7,,
01/07/2005,The Explosion,Starland Ballroom,,,,2,7,,
12/28/2004,Catch 22,Starland Ballroom,,,,53,28,,
07/08/2004,Mike Park,West Caldwell Basement Show - 6 Howland Circle (howlandcircle@yahoo.com) - Mike Pasternak,Basement Tourhttps://www.punknews.org/article/12128/mike-park-announces-dates-for-living-room-tour,,,28,8,,
3/19/2026,BENEE,Irving Plaza,,,,12,19,,
03/13/2026,Más Trauma,Baker Falls,,,,16,13,,
03/13/2026,Fallow Days,Baker Falls,,,,16,13,,
